,0
0,"
intj 특징 남자가 여자와 잘 안 된 이유 
​​​이 유형은 눈에 보이는 가치를 중시하고눈에 보이지 않는 가치는 상대적으로뒤에 놔두는 경향이 있어요그래서 감성적인 타입과는잘 어울리기 힘들고,이들과 깊은 관계를 맺었을 때상대방에게 '너가 잘못한거야'는 가스라이팅을 많이 당하게 돼요어쩔 수 없는게,이 intj 특징은 상대방의 감정과 표정을예민하게 분석해서 상대하지 않기 때문에이런 부분에서 아주 민감한 isfj, esfj, enfp같은극 f형들과는 아주 상극이죠​

​​​특정 분야에 꽂히면 심하게 매몰되고그 분야에서 높은 성과를 낼 확률도 높아요그래서 회사에서 일 잘한다 소리를 듣는데요문제는 회사 안에서의 사회생활이나정치질에는 아주 약하기 때문에그런 부분에 있어서 현타를 느끼기 쉬워요오직 기술력만으로 살아남아야해죠그래서 intj 중에서는 유난히 공대생이 많아요​

​​특히 전화를 극도로 싫어하는 편이기도 하는데요이 특징 또한 연애시 방해가 되는 요소긴 해요먼저 걸지도 않고 잘 받지도 않아요전화통화는 연인끼리 하는 애정표현 중 하나로딱히 용건이 없어도 그냥 붙들고 있는 행동인데요이걸 논리적으로 이해하지 못하고초반에 호로몬이 막 나올때만 억지로 응하다보니시간이 갈수록 본인 스스로 괴로워지는겁니다그럼 이걸 또 어떤 여자분은 서운해하겠죠?그럼 갈등이 시작되는거고,회피형에 가까운 intj는 멀어지게 되죠​​

​​​​intj는 본인이 완전 한눈에 반하거나정말 이상형으로 생각한 사람이 아니면쉽게 마음을 주지 않는데요외모가 괜찮을 경우 연애는 쉽게 하지만진실된 사랑은 한번도 느껴보지 못한 경우가 많아요말 그대로 '연애'만 할 뿐이지 '사랑'에는 미숙한거죠다만 올인할상대가 나타나면 결혼까지 추친하는추진력 하나만큼은 최고입니다특히 능력있는 intj라면요​​

​​저는 intj 성향과는 연애는 해 본적 없지만썸은 타봤는데요사실 썸이라기도 하기 모호하게,관심이 생기려다가도 금방 잘 안됐던 것 같아요그 이유는 제가 fe성향이 강하기 때문인데요저는 특히 상대방이 저에게 '적극적인지'여부를 중요하게 생각하고그것에 확신이 있어야 움직이는 타입이라플러팅을 적극적으로 하지 않는다면상대방이 표현을 할 지라도,그것을 어설픈 구애라고 생각하고 거절했죠​

​​한 번은 어떤 intj인 분과 소개팅을 했는데그 분이 그 자리에서 제가 얼마나 맘에드는지지속적으로, 조근조근하고 차분한 말투로계속 어필을 하셨어요그 말이 어느정도 진심인지 판단하고 있던 차에시간이 늦어 자리에서 일어나게 되었어요근데 그 자리나 보통 그날 집 가서다음 약속을 잡는데 그런 것도 없고친구 만나시거나 스터디 하실 때에는연락도 뜸하더라구요!그래서 바로 손절했는데,그 후로 몇번이나 더 연락이 왔고얼마나 아쉬운지 장문으로 구구절절하게 와서기억에 남는 경험이 있어요​​

​그리고 제가 운영하는 모임에 참여하는인티제를 봐도 보통은 로봇처럼 뚝딱거리고여러모로 표현에 서툰건 맞는 것 같아요그리고 사회문제에 대해 토론하거나책 읽는걸 좋아하고자기만의 시간이 중요한 타입이라눈에 튀지 않으려고 하는데도모임에서 눈에 좀 띄어요아, 저사람 intj군 이렇게요​​

​그리고 이건 비교적 최근에 느낀건데intj는 intp과 유독 궁합이 안 좋은 것 같아요mbti 유형 검사가 100% 정확한 건 아니지만entp랑은 잘 맞는 것 같고 intp이랑은알게 모르게 트러블이 좀 있다 느껴졌어요어떤 이유나 성향 때문에 그런건지는인티제 분들이 보고 계시다면덧글을 달아주시면 좋겠어요​하지만 저는 장담하는데본인이 intj라서 이 글을 검색해보는 사람은아마 별로 없을 것 같고있어도 여자일 것 같아요그리고 대부분은 이 유형과 썸을 타거나연애중인 관계에서 해답을 얻으려고검색해본거겠죠?
"
1,"
INTJ 연애,궁합,특징,이상형 (팩폭모음) 
​안녕하세요 오늘은 용의주도한 전략가INTJ 연애에 대해 소개하러왔어요​전체 인구의 2%를 차지하는 과학자형인데요상상력이 풍부하고 계획적인성격을 가지고 있어요​독립적인 성향이 강하고 감정에 휘둘리는 걸싫어해서 로봇같다는 말을 자주 듣는데요사랑에 있어서 어떻게 행동할지 궁금하더라구요​​
1. INTJ 특징 어떨까?
​타인의 말에 공감을 잘못해요연인에게 완벽한걸 기대하진 않지만기본적인 맞춤법은 기본 어휘능력과수준으로 판단되므로 중요하게 여긴답니다​누군가와 함께하게 되더라도 기준이 높아요금사빠 금사식이라는 별명이 있을 정도로한번 빠져도 아니다 싶으면 뒤돌아보는게 인티제랍니다..​자기 미래에 있어 별로 도움이 안될 것같으면 빠르게 손절해요​​

​intj는정말 특이해요뇌가 정말 하나인지 궁금해요​평소 어떤일이 생기더라도 현상 또는무형의 결과들을 본능적으로 머릿속에서수치화해서 비교해요​좋아한다기보단 알아서 그렇게 정리를하는게 편하다고 하더라구요특정 학문에 종사하는 경우가 많고우주, 해양, 심리학, 철학 등 다양한 분야에관심이 많은 편이에요​하지만 자기 미래에 있어 계획적여 보이는인티제도 불확실한 요소와 예측 불가능한 미래에대한 불안함은 매사 존재한답니다​자존감이 높아보이지만 자기개발을 위해노력을 많이하더라구요​​
2. INTJ 연애
​평소에 연애에 대한 생각을 잘안해요먼저 상대방에게 관심을 가지는 경우는 정말극소수랍니다..​보통 나를 좋아해줘서 연애하는 경우가많다고해요​상대방에게 관심이 생기면 안하던 짓을 하기시작해요 ㅋㅋㅋㅋ SNS 열심히 하지도않던 인티제가 다시 깔아서 검색하거나얘기를 이어가는 걸 볼 수 있답니다​이때부터 상대에 대한 모든걸 알고싶어하기에 묘하게 접근해요​​​

​완벽주의자에다 목표지향적이라자신이 정한 목표를 달성하면서 큰행복을느낀답니다​자신이 상상하는 미래에 상대방이 있을 경우함께 성장하길 원해요​하나에 파고드는 능력과 집중력은모든 유형 중 독보적일 정도로 강해요​연애를 하게 되더라도 너무 귀찮게 하거나불타오르는 사랑은 원하지 않는답니다편안하게 흘러가는 관계를 선호하더라구요​이렇게 로봇같아 보일지라도 헤어지면후폭풍이 굉장히 심하답니다그래서 사랑을 잘못하기도하는데감정에 대한 것들은 차차 잘극복해나가서이별 후 더 강해지더라구요(?)​​

​말투도 살갑지 않고 첫인상도 좋은편이아니라 INTJ와 친해지는 것 조차 힘들 수가있어요​엔팁이 악동같은 이미지라면 인티제는무해한데 차가운 고양이 같은 느낌이더라구요​다가가기 어렵고 차가워 보이지만사실은 허당끼 넘치는 경우가 많답니다내면 자체가 악한 사람은 아니라가식적이지 않아요​가끔 연애를 하게 되더라도 자신만의 논리에빠지는 성향이 강해 고집을 앞세울 순있지만 티는 거의 내지 않는편이랍니다대부분은 맞춰주려고 노력해요​​

​츤데레라 앞에선 못해주는 척 귀찮은척해도뒤에선 다 생각하고 있어요아 물론 좋아하는 사람 한정으로츤데레가 발동된답니다​친한 친구와 지인에게는 독설을 뿜는경우도 많아요 병먹금을 엄청 잘하더라구요INTJ가자신의 관심 분야 외에는 잘신경쓰지않아 너무 차갑다 느껴질 수도 있는데요​연락도 없고 말을 해도 너무 무미건조하면그냥 당신에게 관심이 없는 걸수도 있어요..​인티제가 감정표현을 숨기는 편이기도하지만 관계를 이어나가려고 노력은하는 편이더라구요​​​

​결혼이나 사랑도 현실적으로 생각해서확실히 로맨틱한면이 거의 없어요​intj 특징이 치밀하게 계획하고머릿속으로 시뮬레이션 돌리는 습관이있기 때문에 경제적이라던지 친밀감, 진짜내 사람이다 싶은 사람이 나타나기전까지는 생각을 하지 않는답니다​이성적으로 생각하기 때문에뭐라도 현실적여 보이지 않는다면포기하는 경우가 많아요​​

​생각은 정말 깊지만 이 문제를 해결하기 위한방법을 생각하기 때문에 너무 감정적인사람과는 intj 궁합이 잘안맞을 수 있어요​목적 없이 밖에 나가는 것도 별로 좋아하지않기 때문에 데이트도 그리 다양하게어딜 다니진 않더라구요​아 그리고 마이너 부심이 있어서최신 패션이나 가요보다는 기존에 알고있는것들에 집착할 경우가 커요​관심있는 인티제가 있다면취미를 공략해보세요힐링게임도 좋아하긴 하지만 전략게임을더 선호하더라구요​​

​intj 이상형은 자기와 비슷한 사람이라곤하지만 정작 enfp와 같은 특이한사람들에게 끌리는 편이에요​첫인상이 굉장히 중요하고 용모도어느정도 수려해야하는데요 취향이 생각보다확고해서 의문이 들때도 많답니다​솔직히 말해서 상황에 따라 다르더라구요하지만 깔끔하고 성실한 사람을 좋아해요​너무 징징대지 않고 감정적으로 대하지않는 상대를 원하더라구요​​​

​intj 연애는 눈치가 엄청 빨라 자신 바운더리 안에 있는사람들에겐 무조건 신경을 쓰더라구요​타인에게 신경쓰는 에너지가 없어여친에게 집중되는 경우가 많아요​자기 속내는 얘기를 잘안하고 무둑뚝해보일지언정 칭찬해주는 걸 좋아하고 노력을알아주는 걸 좋아하기 때문에 온도차가심해보일 수도 있답니다​아 그리고 인티제가 관심있으면 질문을하는 경우가 많아요 왜냐면 상대에 대한정보를 캐내야되거든요..ㅋㅋㅋㅋㅋ​이사람이 어떤 사람인지 빨리 파악하는편이지만 더 깊이 알고싶어하더라구요​​

​intj 특징과 함께 연애를 하면 어떻게 될지한번 알아보았는데 어떠셨나요?​상대방의 비전을 중요시하게 여기기 때문에아니다 싶으면 칼같이 끊어내는면이 있어도 속마음은 굉장히 선하더라구요​그럼 오늘 포스팅은 여기서 마칠게요~안녕~!​더 많은 mbti 정보글이 보고싶으시다면하단의 팬하기도 꾹 부탁드릴게요!<팬하러가기 꾸욱!>​​

​
"
2,"
INTJ 특징 팩폭 두뇌회전 빠른 인티제 성격과 연애 
​​​요번에 제가 준비해 본 MBTI 유형은 인티제입니다. INTJ 특징으로는 독립적이면서도 자신이 원하는 방향대로 향해 나아가는 주관이 뚜렷한 사람들이 많고 타인의 평판에 크기 신경 쓰지 않은 지적인 스타일들이 많은데요. 인공로봇 마인드라는 별명이 있을 정도로 완벽주의자이면서도 철두철미하지만 또 은근 허당끼가 있는 매력적인 분들이 많습니다. ​그럼 이분들의 성격이나 장단점, 연애 등은 어떤지 팩폭으로 전달해 드릴게요!​​​

​​​I 내향형 N 직관형 T 사고형 J 판단형을 갖추고 있는 INTJ 특징은 논리적이고 객관적인 면모를 지니고 있습니다. 두뇌회전이 빠르고 본인의 지식 영역을 확장하는 걸 좋아해서 똑똑한 분들이 많고요. 그래서 본인과 비슷하게 끊임없이 무언가 탐구하고자 하는 자세를 갖고 있거나 혹은 체계적인 사고를 하는 모습을 가지고 있는 사람들에게 매력을 느끼기도 하지요. ​무언가를 볼 때 큰 틀을 먼저 짜둔 후에 세부적으로 파고드는 편이라 상당히 이론적이기도 한데요. 손보다는 머리가 먼저 발동되기에 혼자만의 사색이나 연구에 쉽게 빠지기도 합니다. ​그래서 혼자 있는 시간을 즐기고 팀플보다는 혼자 무언가를 하는 걸 선호하는 독립적인 성향도 짙어요.​​​

​​​인티제 성격으로는 남에게 별로 관심이 없는 개인주의자인데요. 그렇다고 이기적이지는 않습니다. 예의를 중요시해서 다른 사람들에게 민폐를 끼치는 일은 없거든요. ​지식적인 논쟁을 좋아해서 새로운 걸 알아가는 데에 개방성 또한  높은데요. 본인의 일에 몰두하거나 혹은 전문가분들과 심도 깊은 이야기를 하는 걸 즐겨 하고 설사 의견이 다르다고 하더라도 기꺼이 듣고 수긍하기도 하죠. ​하지만 능력 없이 꼰대력을 발휘하는 사람에게는 완전 반항력 폭발이고요. 공정성과 합리적인 걸 중시하기에 비합리적인 상황을 대충 무마하려는 사람들도 완전 극혐합니다. ​​​

​​​인티제는 지식을 넓히는 걸 선호하고 완벽주의를 지향하는 똑똑이들이 많은데요. 큰 틀은 비슷하지만 T(신중형)는 예민도가 높은 사람들이고 A(자아형)는 불안감이 상대적으로 덜한 타입이라고 보시면 됩니다. ​INTJ-T는 A에 비해서 조심스럽고 융통성이 있어서 타인의 의견도 수용할 줄 안다고 하는데요. 기본적으로 감정 표현을 어려워하긴 하지만 자아형에 비해서 약간 유리하다고 보시면 될 거 같고요. 행동을 할 때도 충분히 생각하고 움직이는 터라 실수가 적지만 만약 실수를 하게 되면 그와 같은 일을 절대 반복하지 않습니다. ​INTJ-A는 다른 사람들의 시선이나 의견에 전혀 개의치 않으며 스스로 판단한 결정을 꿋꿋하게 해내는 스타일인데요. 설사 잘못되더라도 후회하지 않으며 불안도가 크지 않고 자신에 대한 확신이 강해서 자칫 독선적으로 비칠 때도 있습니다. 행동이 과감해서 조금 더 모험가스러운 면모를 지니고 있고요. ​​​

​​​INTJ 장점으로는 두뇌회전이 무척 빨라 지능이 높으신 분들이 많은데요. 끊임없이 분석하고 생각하는 편이라 새로운 아이디어를 많이 떠올린다고 해요. 관심이 생기는 분야에는 뿌리까지 파헤치는 집중력과 분석력을 갖추고 있고요. ​현실에 안주하기보다는 늘 발전적인 방향으로 나가고자 하는 욕구가 강한데요. 덕분에 항상 목표 달성은 물론이고 본인이 하는 행동이 타인에게 긍정적인 영향을 미치는 경우도 많다고 해요. ​대개 진지하지만 유머러스도 갖추고 있어서 친한 사람들과는 대화도 잘 나누고요. 똑똑하면서도 능력이 있어서 자발적 아싸를 자청하지만 소규모에서는 리더의 역할을 맡게 되기도 하죠. ​​​

​​​하지만 이분들은 객관적이고 냉철해서 마음에 없는 소리는 하지 못하고요. 감정적인 대화를 하는 이유를 이해하지 못하기에/ 사람들과 깊은 관계를 맺는 게 시간이 오래 걸립니다. 늘 옳은 말만 하다 보니 냉정하다 차갑다는 평가도 듣지만 이런 이야기는 이분들에게 스크래치를 낼 수 없고요 ㅎㅎ 혼자가 되는 상황을 두려워하지 않아서 자신의 판단대로 밀고 가다 보니 자칫 독단적인 사람으로 비치기도 한다고 합니다. ​특히 관심 없는 분야에는 전~혀 신경 쓰지 않는데요. 이 유형과 친해지고 싶다면 그 상대가 잘하는 것에 대해서 이야기를 나누거나, 혹은 상대방이 전혀 알지 못하는 분야 중 본인이 잘 하는 걸 어필하시면 대화가 흥미롭게 이어질 가능성이 높습니다. ​​​

​​​INTJ 연애 스타일은 이론적인 느낌이 강하게 든다고 하는데요. 사랑에도 전략이 존재한다고 믿기 때문에 마치 과제를 수행하듯 계획하고 하나씩 클리어하는 모습이 엄청 귀엽습니다 ㅎㅎ 호불호가 워낙 강하고 주관도 뚜렷해서 가치관이나 관심사가 너무 다르면 눈에 띄기 어려울 수 있습니다. ​단 지적 능력을 확장하는 것을 선호해서 인티제가 잘 모르는 주제를 잘 알고 있고 논리적으로 대화를 이끌어나가면 흥미를 느끼고 대화를 이어 나갈 확률이 높죠. ​이 유형은 지능 자체가 높아서 본인이 추구하는 이상형의 기준도 높은 편인데요. 완벽한 사람을 찾는다기보다는 결점이 덜한 사람을 찾는다고 보시면 될 거 같아요. 실수를 하더라도 인정하고 그 행동을 반복하지 않는 발전적인 자세를 높이 평가하거든요.​하지만 기본적으로 혼자 있는 시간을 중시해서 아무리 연인이라도 지나친 간섭은 금물이고요. 혼자 하는 걸 좋아해서 연애 감각 자체가 좀 무딘 편이라고 하니 이런 걸 이해해 주는 상대와 더 오래 연애할 수 있겠죠.​​​

​​​INTJ 팩폭으로도 정리해 보겠습니다 ㅎㅎ 똑띠들은 맞지만 본인이 관심 있는 거에만 열심히 해서 잘하는 것만 잘하고요. 할 땐 열성적으로 하지만 안 할 땐 또 무지 안 하기도 해요.​대화할 때 아 그래? 이런 반응이 자주 들려오면 그건 지금 대화 주제에 흥미가 없음을 뜻한다고 하는데요. 남의 사생활은 궁금하지 않고 누군가 그걸 말해준다면 굉장히 피곤하다고 느끼기도 합니다.논리적인 논쟁 도중에 감정적인 내용으로 이동하면 그대로 사고가 정지하면서 번져하고요^^; ​사람에겐 냉정한 부분이 있지만 동물에겐 세상 친절하고요. 사람 많이 모이는 거 기피하고 팀플도 극혐해서 조별과제가 생기면 그냥 혼자 다 해치워버리는 스타일입니다. ​인티제가 제일 싫어하는 질문은 나 오늘 바뀐 거 없어? 라고 하는데요.이런 질문 들으면 속마음이 '바뀐 게 있으면 말하면 되지 저걸 왜 물어봐' 라고 하는데 너무 웃겼어요 ㅋ.ㅋ​​​

​​​잘 맞는 직업으로는 창의적이거나 혁신적인 업무가 많은 직군이라고 하는데요. 반복적이지 않으면서 사람들과 상호작용을 하지 않아도 되는 개발이나 분석 쪽을 잘 해낸다고 하더라고요. ​외적인 것보다 능력적인 명예를 우선시하기 때문에 어떤 일을 창작해 내고 해결해 내가는 분야에선 두각을 드러낸다고 하네요.​​​

​​​이 타입 친구한테 빙고를 부탁해 보았는데요. 감정이나 칭찬 부분은 절친이거나 자기 사람들에게는 인색한 정돈 아니라고 하더라고요 ㅎㅎ 사회 생활할 때 페르소나가 있는 것 같기는 하지만 보통 아부성 멘트를 일절 하지 않다 보니까 차가운 느낌이나 분위기가 지배적인 거 같긴 하다고 덧붙여줬고요. ​다른 분들은 어느 정도 해당이 되실지 궁금하네요 :)​​​

​​​워낙 인티제가 소수 유형이고 특히 여자분들은 남자분들에 비해 그 수가 훨씬 적어서 제 주변에도 생각보다 별로 없더라고요 ㅎㅎ 혹시 이웃님들 중에 이 타입이시라면 빙고 한 번 표시해 보시고 어느 정도 공감이 되는지도 알려주세요! ​이렇게 INTJ 특징에 대해서 전반적으로 알아보는 시간을 가져보았는데요. 똑똑하면서도 합리적이고 항상 발전적인 모습을 추구하는 분들이라 참 멋진 거 같아요! 오늘도 재미로 즐겁게 읽어주셨기를 바라면서 행복 가득한 하루 보내세요 :) ​​​

​

​
"
3,"
INTJ 특징, 팩폭, 연애, 연예인, 궁합 
안녕하세요! 오늘은 MBTI 성격 유형 검사 16개 중에서 INTJ 특징과 팩폭, 연애 및 연예인들과 궁합 유형에 대해 소개해 드리겠습니다!​시작에 앞서 같은 유형이라 해도 사람마다 워낙 성격은 상이하게 차이날 수 있으니 단순 재미와 참고용으로만봐주시면 감사하겠습니다.​
체계적인 것을 좋아함
먼저 체계적인 것을 좋아해서 논리 체계를 이해하려 합니다. 그래서 뭐든 진행 방식부터 알아보려 하는 성향이 있답니다!​그러다 보니 복잡한 원칙들도 남들이 쉽게 이해할 수 있도록 만들어 줄 수 있죠!​
효율적인 방안을 찾음
또한 어떠한 일을 하고자 할 때 가장 효율적으로 일을 처리할 수 있는 방안을 모색하고 실행합니다. 또한 합리성을 가장 우선시하고 사사로운 것보단 합리적 사고의 해결책을 좋아한답니다!​심지어 공상조차 확실한 증거를 기반으로 하는 경우가 있다네요! 엄청 기계스러운 느낌 같아요..!!​
완벽주의 성향이 있음
자연스럽게 위와 같은 내용이다 보니 완벽주의 성향이 있습니다. 이는 어떻게 보면 장점이지만 반대로 보면 단점이 될 수도 있습니다.​일에 있어서는 매우 좋겠지만 이것이 심해지면 본인 혹은 주변 사람들이 스트레스를 받을 수도 있을 테니까 참고할 필요가 있겠네요!​
개인적 성공을 중시함
사실 이 부분은 성격 유형 검사를 떠나서 많은 사람들이 이러하지만 INTJ의 경우 더욱 개인적 성공을 중시하는 경향이 나타납니다.​그래서인지 자기 통제력 및 몰두력이 강한 편에 속하여 하나에 빠지면 그 목표를 달성할 때까지 전념하는 경향이 있습니다.​
독창성이 뛰어남
독창성이 뛰어나며 어떤 문제가 일어나도 해결할 수 있다는 믿음을 잃지 않는 편입니다. 이건 정말 끈기와 집념으로 좋은 경우가 많겠네요!​또한 목표를 이루기 전엔 경우의 수를 최대한 고려한답니다! 자신 스스로가 독창성이 강점인 것을 알고 이런 장점을 살려줄 분위기를 만들려고 합니다!​
성격 유형 비율
과학자형으로 대한민국에서 3.75%로 전체 13위를 차지합니다. 또한 여성보다 남성이 3배 많은 수치를 보이고 있습니다.​
연애 특징
연애 감각이 둔한 편에 속하는데 이는 사고방식이 합리성 위주다 보니까 연애 센스는 살짝 떨어질 수 있습니다. 하지만 반대로 재미만을 추구하거나 진심이 없는 연애는 가치 없다고 생각하여 진실된 사랑을 추구한답니다!​물론 사람마다 상이한 부분이지만 대표적인 성향으로 연애 상대를 바라볼 때 다소 까다로운 선정 기준을 갖고 있다고 하네요~!​
궁합 및 연예인
연예인 중에서는 대표적으로 이경규씨가 있습니다. 잘 어울리는 궁합 유형은 ISTP가 있습니다. 상호 보완 관계입니다. 하지만 처음에는 INTJ가 먼저 다가가는 스타일은 아니지만 알아가다 보면 서로의 단점을 보완 가능하답니다!​https://blog.naver.com/sun0799dh/222386904963위 링크는 ISTP 특징 포스팅으로 이동하는 주소입니다.
"
4,"
성격 캐릭터 테스트 MBTI 유형 INFJ  INTJ  ISFJ 특징 
​안녕하세요. 분홍기린입니다.​오늘은 귀여운 캐릭터 그림이 있고 성격도 간단하게 짚어주는 성격 캐릭터 테스트를 가져왔어요. 처음에는 ISFJ가 나오더니 두 번째에는 INTJ가 나왔는데요.  상당히 간단명료한 특징 설명인데 제법 맞아서 피식 웃음이 나오더라고요. 16가지 유형 모두 다 만들어 보려고 무던히도 애썼는데 진지하게 생각해서 해도 랜덤으로 마구 눌러도 쉽지가 않더라고요. 그래도 이번에 나온 성격 캐릭터 테스트는 모든 결과 타이틀이 재미있어 제가 갖고 있는 모든 결과 이미지 올려 볼게요~​​​

​16개 성향을 표정으로 보여주고 있는 캐릭터들이에요.  과연 이 중 어떤 표정이 나의 MBTI 유형일까요?총 12개의 질문과 두 개의 선택지 중 하나를 고르는 방법이고요. 이번에는 고민을 많이 한 질문은 기존에 해봤던 성격 테스트에 비해 없었던 것 같아요.​​​

​항상 I와 E를 구분하는 질문부터 나오는 것 같아요. 저는 낯가림이 꽤 있는 편인데요. K-아줌마가 된 이후로는 좀 덜해졌어요. 그래도 친해지는 시간은 필요하답니다. 그리고 좀 은둔형이라 먼저 연락하는 스타일은 아니에요. ​​​

​미리 걱정을 많이 하는 타입이신가요? 이 두 문항이 비슷한 듯 보여 같이 가져왔는데요. 비 오면 우산 챙겨야지~가 먼저 떠오를 텐데, 괜히 미끄러질 것을 미리 걱정하지는 않아요. 눈이라면 몰라도.. 그런데 후자의 질문은 왠지 무슨 일이 생길 것 같은 생각이 저는 드는 편이에요. 어~ 저거 위험한데, 부딪혀 다 쏟는 거 아냐 등 괜한 걱정을 한답니다. 일어나지도 않을 일을 걱정하는 것은 하지 말자고 항상 생각하지만 쉽지는 않더라고요. 그래도 바로 털어버리는 편이 되기는 했어요.​​​

​이 두 질문은 예전의 나였다면 다른 답안을 골랐을 것이기에 골라온 문항들이에요. 어릴 적에는 감정 컨트롤이 어려워 친구들 만나고 술도 한잔하고 그랬는데요. 요즘의 저는 혼자 잘 정리하는 편이랍니다. 할 일이 있는데 친구들과의 약속이 있다? 놀면서도 노는 게 아닌 1인이에요. 불편하잖아요. 그런데 청춘이었던 그 시절의 분홍기린은 어차피 노는 거 할 일은 잊고 열심히 놀았었어요. 그 할 일은요? 미래의 나에게 맡기는 것이지요. ㅋ​​​

​나머지 열두 문항의 질문은 영상을 통해 확인할 수 있어요~ :)​​​
ISFJ
​그래서 나온 저의 첫 번째 MBTI 유형인 ISFJ, 먼저 연락 안 하는 프로 읽씹러인데요. 돈 함부로 쓰는 일이 없다? 아닙니다. 아끼기도 하지만 즉흥적 쇼핑을 잘하고, 생각없이 지르고 보는 스타일이에요; 그래서 집 안에 물건이 넘쳐나요. 솔직하게 표현을 잘 하는 것도 아니지 싶어요. 하지만 그 외의 사소한 것에도 감동을 하고 주변인들을 잘 챙기며 예의 바름이나 별거 아닌 일에 집착하는 경향이 있다 등은 딱 저입니다! ISFJ 잇프제는 길고 안정적이며 넓은 인간관계를 갖고 있다는데, 저는 차츰 은둔형으로 변하면서 이런 성향은 사라지고 있어요.​​​
INTJ
​온전히 맞지 않는 듯싶어 다시 해 본 성격 캐릭터 테스트의 두 번째 MBTI 결과는 INTJ였어요.INTJ는 고독한 감정 컨트롤러! 깨달음을 얻은 듯한 캐릭터 표정이 재밌어요. 계획적이고 뛰어난 경제관념은 절대로 제가 아닙니다. ㅋㅋㅋㅋㅋ 전화보다는 문자는 딱 저 맞아요. 하지만 사회생활을 하다 보니 전화도 편해지더라고요~ 그럴싸한 망상은 심하게 자주 하고요. 외로워도 티 안 냅니다. 암요~ 혼자서도 잘 놀아요. 외로워도요. 혼자 있는 시간도 좋아해요. 신들린 감정 컨트롤을 갖고 있다는데, 저는 그만큼까지는 아니에요. 표정으로 많이 드러나거든요.INTJ 인티제 특징은 진지한 생각을 많이 하는 완벽주의자인데요. 쓸데없는 에너지를 낭비하기 싫어한답니다.​​​
INFJ
​MBTI test를 하면 INFJ가 종종 나왔었어요. 요즘은 거의 안 나오는 편인데 결과가 재미있어 올려봅니다~ 성격 캐릭터 테스트의 INFJ는 걱정이 많은 애늙은이래요. 배려심이 넓음, 자신만의 도덕적 기준이 있음, 선 넘으면 가차 없이 돌아서는 것, 상처받는 말은 속에 담아두는 것, 혼자 생각할 시간이 필요함 등 제법 제 성격이 많이 보여요.INFJ 인프제는 남을 묵묵히 도와주는 따뜻함과 공감 능력이 뛰어나고요. 인내심이 깊어요. 본인의 생각이 옳다고 굳게 믿기에 융통성이 없다는 소리를 듣기도 해요.​​​

​말빨 좋은 노빠꾸 반항아인 ENTP​​​

​만사가 귀찮은 소울리스 ISFP에서도 제가 많이 보여요. 강요 제일 싫어함 그리고 할 일 발등에 불똥 떨어져야 함, 갈등 상황을 회피함, 무언가 결정할 때는 소심해짐, 세상만사가 다 귀찮음 등 ISFP도 제 엠비티아이 유형인가 봐요. ㅎㅎㅎ​​​

​우유부단한 고민 상담사인 ENFJ​​​

​호기심 많은 4차원 ENFP​​​

​걸어 다니는 전자사전 ISTJ​​​

​멘탈 약한 인싸중 아싸인 ESFP​​​

​뜻밖의 분위기 메이커 ESTP​​​

​모든 게 완벽하고 싶은 계획왕인 ENTJ까지 간단한 내용이지만 성격이 다들 맞는지 궁금해요~​​링크는 여기입니다. :)​물감 성격 테스트로도 유형 알아보세요~​

​

​
"
5,"
INTJ 특징 궁합 남자 여자 다를까 인티제 성격 연애 
​지난 글에 이어 적어보는 INTJ 남자 여자 특징 및 궁합 글이다. 지난번에는 인티제의 기본 성향과 연애 특징 등에 대해 이야기했다면 ​​이번 글에서는 내 주변에서 본 실제 사례와 함께 타 성격유형과의 궁합까지 다루어보겠음​​​​

​
INTJ 기본 특징 
​이건 뭐 지난번에도 이야기했지만, 남녀 공통적으로 인지해야 하는 부분만 다시 한 번 짚고 넘어가겠다​​- 전략가 이다 : 성격유형 검사를 하면 이들은 전략가 타입으로 나온다. 아마 한 단어로 이들을 표현하자면 이 단어가 가장 적합하지 않을까 한다. 아래는 그 이유들인데 일단, ​​- N + J 의 조합이다 : n은 s보다 좀 더 망상/상상력이 강한 편이다. 더하기 j는 계획적인 성향을 뜻한다. 즉 망상이나 상상을 실현하기 위해 구체적인 계획을 세우고 실천하는 편이다. 나만 해도 말도 안되어 보이는 상상을 하곤 하는데, 그걸 실제 이루는 것이 가능하다고 생각하고 그를 위해 계획을 세우는 편 개인적으로는 찐 전략가적인 면모라고 생각한다 ​​- 계산적, 분석적이다 : 굉장히! 계산적이고 분석적이라고 생각함 ㅋㅋ 일반적으로 계산적이란 단어를 사람에게 쓰면 약간 뭐랄까.. 부정적인 느낌이 강하다. 맞는 말이긴 하지만 일 할때나 커리어적으로는 이 부분이 굉장히 빛을 발한다고 생각한다그리고 하나 주의해야 할게, 찐 내사람에게는 그저 다 퍼주고 싶어한다 ㅋㅋㅋ​​- 모순적인 면이 있다 : 따뜻한 아이스 아메리카노 같다고 해야할까나.. 위에 n + j 조합처럼 약간 말도 안되는 걸 현실화 하려고 한다던지 하는 약간의 모순적인 면모가 있음. 겉으로는 누구보다 냉정해보이지만 실은 애교가 많다던지 마음은 따뜻할 확률이 높다 ㅋㅋ 알다가도 모를 성격이다​​​

​​​
INTJ 남자
​내가 실제로 만나보고 관찰해본 이들의 특징을 적어 보았다공감이 되는 분들 분명이 있을 듯 하다​​​

​​- 일단 투자 모임에서 만난 사람들이 많음 ㅋㅋㅋ 그리고 그들은 냉정한 심장을 가진 것처럼 보인다 굉장히(?) 극단적으로 말씀하시는 분들이 많았다- 그러나 나도 이들과 몇 년 동안 관계를 유지하며 발견한 점은, 내 사람에게는 굉장히 마음이 따뜻한 사람들이라는 것이었다. 아니 실은 마음이 따뜻하기 때문에 애초에 상처받기 싫어서 그렇게 차갑고 냉정하게 보이려고 노력하는 것 일수도- 여담이지만 이들의 투자 수익률도 대체로 나쁘지 않은 편 같음 본인만의 확고한 철학이 있고, 그걸 왠만해서는 지키려 노력하는 편인 듯 하다 투자란 것이 심리가 거의 전부이기 때문에 이런 점이 어느정도 유리한 듯 하기는 함- 마지막으로 intj 남자 와 연애하고 싶다면.. 걍 그 사람 마음에 들어야 한다. 이 이야기는 나중에 다른 포스팅으로 풀어보는게 나을듯 하다ㅋㅋ​​​

​​​
INTJ 여자
​- 일단 인티제 남자보다 발견하기 좀 힘들다. 한국 여성 중 제일 적은 성격유형 중 하나로 알고 있다. 주변에서는 실제로 본 적은 없고 (나빼고ㅠㅠ) 일부 여자 연예인 중 본 적은 있음. 대표적으로는 에이핑크 손나은, 김유정 배우, 구혜선 등이 있다고 한다- 사실 intj 여자 또한 남자 와 비슷한 부분이 많다고 생각한다. 다만 남성들의 경우 실제 직업적인 부분에서 성격유형에 해당하는 직업을 많이 선택하는 편 같다 (오로지 내 기준으로 보았을 때, 확실히 남성 투자자 분들 중에 인티제가 많음)- 한국 여성 중에서 이 성격유형이 많이 없는 이유를 본 적이 있는데 개인적으로는 너무너무 공감갔다 ㅋㅋ 그러나 다소 논란의 여지가 있을 것 같아서 이 글에선 굳이 언급하지 않겠다 (혹시 궁금하신 분들은 댓글 ㄱㄱ)​​​

​
INTJ 궁합 MBTI 알아보기
​​- 인터넷에 나오는 잘 맞는 궁합​​​찰떡궁합 : ENFP, ENTP​꽤나 잘 맞음 : INFP, INFJ, ENFJ, INTJ, ENTJ, INFP​​특히 intj - enfp 궁합이 보통 환상의 궁합이라는 밈들이 많이 떠도는데 난 실은 잘 모르겠다 ㅋㅋㅋ 일단 p성향들이랑 잘 안맞음 ㅠㅠ​​​어쨌든 위의 것은 mbti 궁합표에 나오는 기준이고, 실제로 내가 주변인들을 겪어본 바로는 아래와 같다​​- 실제 내가 느끼는 잘 맞는 궁합​​​찰떡궁합 : ISFJ, ENTJ​꽤 잘 맞는 편 : ESTP, INTJ, ESTJ, ISTJ, INFP​​일단은 위에서도 언급했지만 난 p형이랑은 잘 안맞는다.. j와 p가 좀 중간에 걸쳐있으면 몰라도 나같은 경우 다소 극단적인 j형이기에 p형 친구들은 다소 이해가 안갈 때가 많은 것이 사실이다. 일 할때도 p형은 좀 힘듦.. 그래서 주로 j형이 잘 맞았던 것 같고​​내 실친 중 가장 많은 성격유형은 바로 isfj다. 잇프제 탐구 글도 한 번 올리려고 하는데 이들은 대체로 미주알고주알 이야기 주고받기 너무 좋은 성격이고, 내가 망상하고 있으면 현실적으로 이야기 해주는 점이 진짜 잘맞음. 근데 이걸 또 나처럼 직설적으로 얘기하는게 아니라 예쁘게 돌려서 말할 줄 안다. 개인적으로는 나에게 모자란 점을 배울 수 있는 참 잘맞는 성격유형이라고 생각한다​​두 번째로 잘 맞는 유형은 entj 이유는 다름이 아니라 서로 너무 비슷.. 말이 일단 빨리 통한다. 근데 entj는 나보다 더 추진력있고 사람들하고 친화력 갑이다. 그래서 말해모해 멋져 보임 걍​​나머지는 대부분 tj 유형하고 말이 잘 통할 확률이 높았다. 다만 일할 때에 tj유형이 좀 괜찮다고 생각하는 편이고 실제 인간관계에 있어서는 f 유형이 내가 모자란 점을 지니고 있어서 개인적으로 좋아하는 편이다​​​​

​​아마 이 글을 읽는 분들 중 공감가는 부분도, 아닌 부분도 있을 것이라 생각합니다 혹시 의견 있으시면 언제든지 댓글로 남겨주세요!!​휴 이번편도 너무 길어졌는데 다음에 또 이어서 적어보겠다​​* intj 특징 이나 여자 남자 연애 고민 등등 있으신 분들은 언제든지 댓글 남겨주세요* 제 다른 연애 / mbti 글들도 재밌습니당 ㅋㅋ​​

​​​​​​​
"
6,"
MBTI 성격유형 INTP 특징 INTJ 특징  
MBTI 성격유형 INTP 특징 INTJ 특징

​안녕하세요.매일 좀 더 나은 사람이 되고픈 초록연못입니다. ​​타인과 나의 차이를 이해하기 좋고 재미있는 MBTI 성격유형. 처음 만나는 사람과 아이스브레이킹에도 좋아서 대화 주제로 좋은 것 같아요. 오늘은 MBTI 검사 유형 16 가지 중 INTP 특징과 INTJ 특징에 관해 알아볼게요. 인팁과 인티제 분들은 본인 성격과 일치하는지 확인해 보세요. 

MBTI 성격 검사 유형 중 NT 유형은 합리적이고 이성적이며 분석적입니다.​그중 INTP 인팁 INTJ 인티제 는내향적이고 과묵하면서논리와 분석을 좋아하는 NT 유형으로두뇌가 뛰어나고 탐구하는 걸 좋아한다고 해요. 

​INTP 인팁I - Introvert (내향) N - iNtuition (직관) T - Thinking (사고)P - Perceiving (인식)​이 네 키워드가 INTP 특징을 설명합니다. ​​INTP는 논리적인 사색가, 아이디어 뱅크, The thinker, logician and philosopher라고 합니다. MBTI 성격유형 중 아이큐가 가장 높은 그룹이라 천재가 나올 확률이 가장 높다고 해요. 논리적, 분석적이고 직관적으로 이해가 빠른 편입니다. 거기에 창의성도 뛰어나 지적 호기심이 풍부합니다. 논리적이지만 창의적인 면이 발휘되어 계획을 짜기는 좋아하지만 계획대로 행동하기 보다 상황에 맞추어 즉흥적으로 판단하고 행동하는 경우가 많이 있습니다. 종교나 예술 같은 논리적이지 못하고 비과학적인 것에는 거부감을 가질 수도 있다고 해요. ​인간관계에 큰 관심이 없고 혼자 있는 걸 좋아해서 집에 은둔하는 때가 많습니다. 논리와 이성이 앞서므로 차가워 보이지만, 즉흥적인 면도 있어서 수더분하고 털털한 면도 있습니다. 자기중심적 사고방식이 강하고 사회에 순응하기보다는 아웃사이더를 선택하고 싶어 합니다. 오타쿠, 덕질등 취미활동에 깊이 빠지는 경향이 있습니다. 거짓말을 잘 하지 않고 남의 기분을 맞춰 주는 행동도 하지 않기에 가끔 거만하고 무례하며 무신경해 보일 수 있으며 어둡다는 평을 듣기도 합니다. 내향형이 강해 조용하고 과묵한 편이라 먼저 대화를 시작하기 어려워합니다. 일상적인 대화를 하는데 흥미가 없어서 스몰톡 등 사회적 대화는 부족할 수 있지만, 논리적인 사고 능력으로 관심 있는 분야에서는 말이 많아져 긴 대화를 이어갑니다. ​
© nci, 출처 Unsplash
지적 호기심이 왕성하여 이공계 연구 분야에서 일하는 경우가 많이 있습니다. 아랫사람에겐 인내심이 강하고 윗사람 눈치를 보지 않고 본인 생각대로 행동하는 경향이 있습니다. 따라서 서열이 확실한 군대, 공무원, 병원 등에서는 적응이 어려운 경우가 많습니다. 공과 사의 구분이 철저하고 완벽주의 성향이 있습니다. 

​
INTP 특징​​나만의 세계가 확고하다. 개인적 공간이나 사적인 내용이 침범당하는 게 싫다. 윗사람이나 부모님의 말은 옳아도 따르고 싶지 않다. 나는 어떤 의견도 일단은 수용하려는 열린 마음가짐을 가지고 있다. 할 수 있는 과제, 업무도 나 자신의 안녕과 편안함이 중요해서 뒤로 미루는 경우가 많아서 게으르다는 평을 자주 듣는다. 
© janeb13, 출처 Pixabay
Any fool can know.The point is to understand. 어떤 바보라도 안다. 중요한 건 요점을 이해하는 거란 걸.알버트 아인슈타인
​​​빌 게이츠, 아인슈타인, 아이작 뉴턴, 데카르트 등이 INTP MBTI 성격유형에 속합니다. 
© geralt, 출처 Pixabay
​

INTJ 인티제I - Introvert (내향) N - iNtuition (직관) T - Thinking (사고)J -Judging (판단)​이 네 키워드가 INTJ 특징을 설명합니다. ​​INTJ는 용의주도한 전략가,  과학자형 , 분석적인 문제 해결가 analytical problem-solver, the architect, matermind이라고들 합니다. 이성과 논리를 바탕으로 세상을 이해하려고 하며 체계와 진행 방식을 깨우치려 합니다. 문제 해결 욕구가 강한 편이며 분석적입니다. ​인구의 2%가량만이 MBTI 성격유형 중 INTJ로 분류되며 INTJ 여성의 수는 매우 적은 걸로 알려져 있습니다. INTP 다음으로 지능이 높고 천재가 나올 가능성이 큽니다. 야망이 크고 자기통제력이 강해 소득이 높은 경우가 많습니다 판단력이 빠르고 야망이 있지만 개인적인 면이 강해서 본인의 에너지 사용에 더욱 집중합니다. ​내용의 진실성과 깊이를 중요시하여 눈에 보이는 것을 액면 그대로 받아들이기보다, 이면의 원리에 더욱 관심이 많습니다. 정형화된 규칙이 없거나 개념의 체계가 탄탄하지 않으면 받아들이기가 힘듭니다. 기존의 통념이나 사실을 그대로 받아들이기 보다 비판적으로 분석하고 이의를 제기하는 것을 좋아합니다. 목표를 정하면 현실화될 때까지 전념해서 이뤄 냅니다. 계획적이고 설계를 좋아해 삶이 거대한 체스판 같다고 생각하기도 합니다. ​​
© jeshoots, 출처 Unsplash
​감정적인 면에서는 사람과 공감하는 게 어려워 타인이 감정적인 문제를 상의하거나 공유하는 게 부담스럽고 당황스럽기까지 합니다. 자아 성찰이나 감정을 정리하는 데 긴 시간이 들지 않고 남들보다 우월하다는 인식을 가지는 경우가 많아 오만하게 보입니다.​남의 기분이나 상황을 고려해 돌려 말하거나 숨기는 것은 못하고 솔직하고 정직하게 표현하며 칭찬에 인색합니다. 비꼬는 유머 등에 능숙해서 재치 있는 사람도 많습니다. 대중은 우매하다는 생각을 많이 하는 유형이기도 합니다. 얕은 지식으로 대화를 이끌어 나가는 것을 가볍고 무의미하게 느낍니다. 자연이나 인공물 등의 규칙성에서 아름다움을 느끼곤 합니다. ​자기 확신이 강한 편이며 낙관적인 편입니다. 신중한 성격으로 결정을 내리는 데 분석과 연구, 조사 등을 하는 경향이 있어 긴 시간이 걸려 답답할 수 있습니다. 감정 표현을 아끼는 편이라 가까운 사이라도 어떤 생각을 하고 있는지 알기 어렵습니다. 본인이 아니라고 생각하면 관계를 단호하게 잘라 버릴 수 있어서 정이 없고 매정해 보일 수 있습니다.​
© StockSnap, 출처 Pixabay
직업적인 면에서는 학문과 탐구를 좋아해 책벌레, 공부벌레 geek, nerd 가 많습니다. 사내 친목 질리나 사내 정치 등에는 무관하며 오히려 혐오하기까지 합니다. 승진과 상관없이 직업윤리와 목적에 집중합니다. 팀보다는 개인적으로 일하는 게 더 좋지만, 성향이 비슷하고 신뢰할 수 있는 동료가 있으면 시너지 효과를 내기도 합니다. 완벽주의적 성향이 있으며 자기 통제력이 강해서 깊이 몰두합니다. 권위의식 없고 직업 정신이 투철해 임원이나 관리자 위치에 이를 가능성이 큽니다. ​IT, 과학, 법조계, 마케팅/ 군 전략가, 시스템 분석가 등에 종사하는 경우가 많습니다. 
INTJ 특징​지인이 많은 것보다는 내가 좋아하는 소수의 친구가 있다. 먼저 다가와도 내게 도움이 되지 않는 사람과의 관계는 거부할 수 있다. 내 사람에게는 충성심이 있어서 오래 좋은 관계가 지속된다. 과묵하고 재수 없다고 하는 소리도 듣지만 친한 이들은 나를 재치 덩어리의 진국인 사람으로 묘사한다. 어색한 사이를 지속하느니 절교든 화해든 빠르고 이성적으로 판단해서 결론을 내는 게 좋다.연애를 할 때 헌신적인 사랑을 바라지만, 상대방에게 애정표현이나 기념일 챙기기 등은 간지럽다.© Pexels, 출처 PixabayBe alone, that is the secret of invention. Be alone, that is when ideas are born.홀로 있으라, 그게 발명의 비밀이다. 혼자 있으라, 그때 아이디어가 탄생한다. 니콜라 테슬라 
© qimono, 출처 Pixabay​
There are no facts, only interpretations. 진실이란 없다.오직 해석만이 있을 뿐이다. 프레드릭 니체 
​​존 F 케네디 대통령, 마크 저커버그, 제임스 캐머런 감독, 아널드 슈워제네거, 니체, 미쉘 오바마, 일론 머스크 등이 INTJ 특성을 보이는 유명인으로 손꼽힙니다. ​ MBTI 성격유형 INTP 특징과 INTJ 특징에 대해 알아 본 포스팅의 내용은 개인적인 관심으로 제가 이전에 안내드린 세 곳의 MBTI 검사 사이트에서 나온 MBTI 유형 분석과 인터넷을 활용해 정리했으며​ 전문적인 내용은 아니니 재미로 봐 주세요 ^^​
"
7,"
INTJ 특징,팩폭,빙고,직업추천 /인티제 특징 
안녕하세요 쭌이덕입니다.

​이번 포스팅은 제가 가장 좋아하는MBTI유형중 하나인 INTJ에 대해서이야기 해보도록 하겠습니다.​INTJ는 지구상의 2%로 정말 보기 드문유형입니다. 특히 여성은 0.8%로INTJ여자는 가장 없는 유형의 사람이죠.​

INTJ인티제 하면 떠오르는 이미지가 스마트한 이미지 이니 만큼 16개 유형 중에서 지능 순위가높기로 유명한 유형입니다.​대학 수학능력시험의 종합 성적은 2위를기록할만큼 똑똑한 유형입니다.

지식과 지능 지수가 높은만큼 지식에 관한관심도 높고 탄탄해서 강점을 보입니다.어릴때는 책벌레라는 소리를 듣고 자라는경우가 많은데 깊고 넓은 지식을 가지고 있어어릴때부터 자신의 지식에 자부심을 느끼고이렇게 알게 된 지식들을 혼자만 아는것이아니라 공유하고 싶어하는 성향으로사람들과 토론하는것을 좋아한다고 합니다.

자발적인 아싸 유형으로 집에서 에너지가충전되는 유형이라 밖으로 나갈때 슬퍼함.약속 취소되면서 좋아함 

​​본인의 분야에 대해 전략을 세우는것을좋아하며 실행에 옮길 수 있는 방법을선호하게 되는데.​완벽주의적 성향에 근성까지 더해져서 결과를내는 유형이라고 할 수 있습니다.​계획 세우기를 좋아하긴 하지만 멀티를잘 하는편은 아니라 한꺼번에 여러가지 일을하는것은 어려워합니다.

본인의 의도와는 다르게 박학다식한 부분을전해주려는 태도와 배려하지 않는 성향 탓에타인은 무례함을 느낄 수 있는데요자신이 알고 있는 지식에 대해서는확고하고 고집을 꺾지 않는 기질이 있습니다.하지만 명확한 근거에는 수긍도 잘 하는편

정돈된 책상에서 하나하나 문제를 해결해나가며결국 목표한바를 이뤄낼거같은 느낌이랄까요?​친구관계에서는 말이 잘 통하는 친구 단 한명만있으면 상관없다는 생각으로 교유관계가넓은 편은 아니라고 합니다.하지만 본인은 크게 문제의식을 가지지 않습니다.

​관심이 있다면 모든 것을 이해하고 알아보려고노력하는 모습을 보이는데 이런 부분들은시간이나 장소에 구애받지 않고 열정이 지속됩니다.​한가지를 몰입하고 결국 해내는 스타일이라자존감이 높고 마이웨이 성향을 가지고 있습니다.​INTJ 인티제는 본인들이 INTJ라는 사실에굉장히 만족하고 살아가는편이죠

​아무에게나 에너지와 시간을 투자하지 않고이해가 가지 않는 규율은 따르지 않습니다.

​멘탈이 강한편이고 확신도 가지고 살아가는유형이라서 예측 불가능한 상황에서도덤덤아게 받아들이는데요​아이의 경우에는 어릴때 주사를 맞으러가더라도 다른 아이들은 울고있는데굉장히 의연하게 주사를 맞고 있다거나..하는 추억을 가지고 있을수도 있겠네요

인간을 좋아하지않고 동물을 좋아하는사람들이 많았던듯.. ㅎ​
INTJ 직업추천
INTJ는 비즈니스나 금융쪽에서는회계원이나 분석가 경영 컨설턴트,투자은행,제약회사 연구원 등이 잘 어울리고 기술적으로는네트워크와 시스템 개발 정보 서비스,개발 컴퓨터 보인 전문가 등이 있으며 교육적으로는이공계 대학 교수나 교육 공학 설계등이 있습니다. 변호사나 판사 변리사 비행기 조종사등의전문직도 잘 어울리는 편입니다.​
INTJ 장점
​​
INTJ 단점
INTJ의 단점은 자신만의 확신이 너무 강한유형이라서 타인과 공감 형성이 어렵다고 해요감정 공감이 어려운것이 가장 큰 단점으로

꼽히고 있으며 비판적인 성향에 자존감이 높아융통성이 부족한것이 아쉬운점으로 항상꼽히고 있습니다.

또 다른 사람에게 잘 보이려는 노력을 하지않고, 본인과 관련된 일 외에는 무관심한 태도로하기 싫은 일은 절대로 하지 않는편이라는점이단점이라고 생각이 되기도 하네요​​​

인티제는 표정이 없는 유형이라고 묘사되는데음.. 주변 인티제를 생각해보면 맞는듯​그래서 그들을 웃겨보고 싶고 행복하게만들어 보고 싶은 욕구가 생겨나서열심히 노력하게 되는데​그렇게 성공했던INTJ 인티제의 웃는모습과 표정들은잘 잊혀지지가 않네요.​
INTJ 연애
이성적이고 냉철한편이라 연애감각은부족한편으로 주변 INTJ는 모솔이 많습니다.애정표현도 잘 하지 않고 눈치도 없는편인데감정도 이성으로 이해하려고 하는편이라공감능력이 부족합니다.

​사랑도 연애도 책으로 배우는 경향이 있어서연애 초반에 무엇을 해야 하는지 공부하고자신이 생각하는 이상향에 맞는 사람을만나기 위해 노력합니다.​그 기준이 꽤 높은편이라 눈이 높은편에속합니다.​

사랑에 빠지는데는 오래 걸리지만내 사람이다 싶으면 직진하는 타입이고헌신하는 유형으로 외모보다는 솔직하고자신감있고 지적인 사람에게 매력을 느낍니다.​완벽한 상대를 원하지만똑똑한 그들은 완벽한 상대가 없다는것도잘 인지하고 있습니다​때문에 흠이 적은 상대를 찾아서 타협해서연애하게 되는데, 이런 경우 대부분 순수하고천진난만한 타입들에게 타협하는거 같아요.

NFP 유형과 잘 맞는다고 합니다NFP 유형들과 함께했을때 착해지지만

NFP유형들은 INTJ인티제와 함께하면차분해짐을 겪을 수 있습니다.

ENFP와 환장의 궁합으로 유명하죠.
INTJ 빙고
​​​​제가 INTJ유형들에게 가장 신기했던건저는 제 야망이나 목표를 주변에 이야기하고응원받고 공감받으며 목표를 향해서열심히 정진하는데​INTJ 인티제 유형인 친구들은 본인의목표나 야망을 쉽게 이야기 하지 않고결과로 증명해내는것이 너무 멋있는데요​어떤 방면의 주제를 꺼내도 대화가 가능하고다양한 관점에서의 예시를 꺼내도잘 들어주는 그들을 좋아합니다 ㅎㅎ​​​감사합니다.​안뇽~

#INTJ특징 #인티제특징 #INTJ팩폭 #INTJ직업 #INTJ빙고
"
8,"
츤데리 INTJ 특징 팩폭 연애 이상형 궁합 정리 
​​안녕하세요 제이드입니다 :D​MBTI 파헤치기 8탄!오늘의 주인공은 츤데레 INTJ 친구들이에요사실 이 유형에 대해서 쓰려고포스팅 준비를 미리 마친 상태였는데,막상 글을 시작해보니 감이 안 오더라고요​주변에 INTJ 친구가 없다 보니끼제가 생각하는 특징과 성격들이맞는지 의문이 들더군요..그래서 좀 더 공부를 하느라 늦어졌습니다요~​오늘도 역시나~INTJ 특징 팩폭 연애 이상형 궁합까지알아보도록 하겠습니다​​

​INTJ 나는 누구인가?​용의주도학 전략가, 과학자형​INTJ는 독립적인 성향이 매우 강합니다혼자 일하거나 결정내리는 것을 선호하죠그렇기에 타인에게 무심하다는 편견을 받기도 하지만이들은 단지 의사결정에 있어감정에 치우치지 않을 뿐 인간적입니다​INTJ 유형을 딱 들었을 때냉철한 인간, 강철 로봇 등의키워드를 많이 들어보셨을겁니다​하지만 의외로 아닌 부분이 있답니다무조건 자신의 생각이 옳다고 맞다고만판단하지 않습니다자신이 틀렸거나 자신이 생각하지 못한 부분에 대해서는영향을 받기도 하고 인정할 줄도 아는 유형입니다​감정에 치우치는 사고를 유치하다고 생각하기 때문에받아들이는 입장에서는 냉정하다, 딱딱하다 등의키워드가 많이 나온 것이죠​​

​​INTJ는 따뜻함 보다는 합리적인 것을,인기보다는 옳은 것을 선택합니다​모순적으로 보일 수 있겠지만상상력이 풍부하면서도 결단력이 있고야망이 있지만 대외적으로 표현하지 않고호기심이 많지만 쓸데없는 에너지를 낭비하지 않아요​어떤 어려움에 부닥치더라도독창성과 직관만 있으면이겨낼 수 있으리라는 믿음을 잃지 않는 유형입니다 ​​
*출처 다해바
​INTJ 특징​의외로 INTJ 유형은자신의 성격 유형이 INTJ인 것을드러내는 것에 대해서 다소 불편함을느낀다는 사실!다들 알고 계시나요?​모순이 굉장히 많은 유형입니다본인의 성격 유형 서술에 대해꺼림칙하다고 느끼는 부분이 있어도그것을 자랑스럽게 여긴다고도 해요​동물로 표현하자면 한 마리의 호랑이와도 같은데,우리 츤데레 INTJ 친구들에게도인간적인 면도 있고 사람인지라 감정도 있답니다감정 때문에 일을 그르치는 것을 싫어할 뿐감정에 대해서 공감도 하고 싶고배우고 싶어 하는 INTJ 친구들이에요너무 로봇 취급은 하지 말자구요!​​

​​INTJ 팩폭​자발적 아싸인 INTJ 유형사회적으로든 일상적으로든에너지 소모가 굉장히 큽니다예를 들어 무의미한 인사나(어떨 때는 하고 어떨 때는 안 하는 것을 말하는 듯)목적을 가진 내용이 아닌 것들에 대해서 굉장한 피곤함을 느낀다고 해요​해결해가고 논리적으로 풀어나가는 것을좋아하는 INTJ 유형이라'그냥 들어만 줘'이 말이 가장 듣기 힘들다고 해요​그리고 사바사이긴 한데...MBTI에 가장 관심 없는 유형이기도 하답니다그래서 본인들이 INTJ인걸 모르는 경우도 있다고 해요 ​​
INTJ 연애자기 관리를 중요하게 여기고 잘 하는 사람지적 능력 중요(몰라도 아는척 절대 하지 마라)밀당 하지 마라(적극적인 표현 중요!!)마음 여는데 오래 걸림무논리 대화 극혐귀엽고 선하고 순수한 사람에게 끌립니다나태함 용납 못함! 열정 가득한 모습을 보여라!비속어, 인터넷용어 좋아하지 않음완벽한 사람이 아닌 흠이 적은 사람을 찾는 것!
​INTJ 연애​마음 여는데 오래 걸린다고썸을 너무 오래 타진 마세요!썸 기간이 오히려 너무 길어지면본인에게 쓰는 시간도 중요하다라는 마인드라썸은 빨리 타고 연애로 넘어가시는 것을 추천드립니다!​INTJ는 완벽한 사람을 추구하는 것이 아닌자기 자신을 잘 알고부족한 면을 성장할 줄 아는 사람들에게 끌린다고 해요자기 객관화, 자기 관리를 잘하는 사람에게끌리는 것이죠! ​​
*출처 다해바
​INTJ 이상형​INTJ 분들 앞에서 절대 하면 안되는 행동!겉멋 부리지 마세요잘난 척 하지 마세요모르는데 아는 척 하지 마세요차라리 모르면 솔직하게 알려달라 하세요​본성 자체가 순수한 사람에게끌리는 INTJ이다 보니대체적으로 귀여운 사람을 좋아한다고 합니다그래서 INTJ 분들이 동물을 좋아한다는말이 진짜인가봐요...​

​INTJ 궁합​INTJ♥ENTP​논리적인 대화를 좋아하는 두 유형은가치관이 잘 맞는다면 정말 말이 잘 통하는찰떡 궁합이라고 볼 수 있는데요​연락이 안될 때도 있는 ENTP와연락 할 생각 조차 못하는 INTJ라서이 부분에서는 굉장히 잘 맞는다고 합니다​개인이 시간이 소중하다는 것을아는 유형들이라 이런 부분에서많은 매력을 느낀다고 해요​INTJ♥ENFP​먼저 다가와 주는 ENFP의 모습과긍정적인 모습들이 INTJ 입장에서는기분 좋고 귀엽게 느껴진다고 해요​그리고 ENFP 유형 중연애가 안정되면서자기 생활패턴도 다시 찾아충실해지는 모습을 보이는데요이 모습을 보고 변했다고 착각하지 않는 부분에서많은 매력을 느낀다고 해요​​

​​희귀한 유형이라 그런지...MBTI 유형 중 가장 힘들었던 INTJ...책으로 배운 느낌이 많이 들긴 하는데,그래도 댓글이나 여러 영상들을 참고했습니다!​다음에는 I 유형 중마지막인 INFP에 대해서 알아보겠습니다빠잉~
"
9,"
INTJ 장단점 특징 나 자신을 이해하기 
저는 철저한 INTJ입니다.몇 번을 검사해도 똑같이 나오고 유료 검사를 받아봐도 그러하고요 그리고 실제 INTJ 특징을 봐도 이건 정말 나다! 이런 생각을 몇 번이나 하게 됩니다.그래서 제가 가지고 있는 INTJ 장단점은 무엇이 있는지이번 시간을 통해서 한번 알아보려고 합니다.나 자신을 이해하는 시간이라고 생각해 보려고요​​
INTJ 장점
(1) 의지가 강하고 끈기 있음​정말 저는 이런 부분은 맞습니다.의지가 강하다는 이야기도 많이 듣는데요다만 의지를 가지기 위한 시간이 조금 걸리는 편입니다.즉 쉽게 말하면 마음먹는데 시간은 오래 걸리지만 한번 마음먹으면끝을 봐야 하는 INTJ 특징을 고스란히 가지고 있는 듯합니다.좋다면 좋지만 솔직히 이런 부분은 INTJ 단점일 수도 있지요​(2) 다재다능

좋게 말하면 다재다능이지만 정확히는 얕고 넓게 알고 있는 것이 특징입니다.저만해도 그러한데요무언가를 하나를 파고드는 것도 있지만이것저것 다 해보고 싶은 성격으로 인해서 잡식이 많은 편이라고 해야 할까요?그래서 실제 학교에서 수업을 하면서는 INTJ 장점으로 발현되기도 하지만깊게 들어가면 조금 부족한 부분은 존재합니다.​(3) 결론이 뭔데!

제가 이야기하다 보면 이런 말을 많이 하는데이게 INTJ 특징 중 하나 더라고요과정도 중요하지만 그래서 결론이 뭔지 이야기를 해 봐!이런 이야기를 많이 하곤 합니다.조금 답답해서 그런듯한데요INTJ 장단점들이 코에 걸면 코걸이 귀에 걸면 귀걸이처럼 보이기도 합니다.​​
INTJ 단점
(1) 혼자가 좋다​저는 솔직히 혼자 있는 것을 굉장히 좋아하고조용히 아무도 없이 적막한 것을 즐깁니다.반대로 이야기를 하면 사람들과 어울리는 것을 못하고개인적인 성향이 강하다고 해야 하겠지요!나만의 생각에 젖을 수 있는 INTJ 장점이기도 하지만사회생활에는 그다지 좋지 않은 INTJ 장단점이기도 합니다. ​(2) 고집이 세다

실제 저는 조금 센 편입니다.내가 아니다 싶으면 절대 고집을 꺾지 않는 편인데요이로 인해서 약간의 불협화음이 일어나기도 하지만그다지 꺾고 싶은 생각은 없기는 합니다.정말 INTJ 단점 중 하나이지요!하지만 무작정 고집은 아니라 나의 신념과 관련이 있기에단점보다는 INTJ 특징으로 보는 것이 어떠할까요?​(3) 내편 네편 확실

저도 약간 그런데요내편이면 한없이 챙겨주지만 남의 편이라면 거들떠도 안 봅니다.인정사정없다고 해야 할까요?그것이 INTJ 단점이라고 합니다.하지만 내 편을 챙기는 것은 INTJ 장점이니이는 역시나 INTJ 장단점이라고 봐도 되겠지요!그만큼 조금은 극과 극 호불호가 확실한 편이라고 합니다. 

이번 시간에는 나 자신을 알아보기 위한 INTJ 장단점에 대해서 알아보았습니다. 어떤가요 혹시나 저와 같으시다면 분들이라면INTJ 특징 얼추 맞으신지요?장점은 보다 높여보고단점은 보완해 보면 어떠할까요?
"
10,"
intj 여자 남자 특징 연애 또한 현실적인 인티제 
​재미로 보는 mbti 특징 분석입니다​오늘은 mbti 성격 유형 중 가장똑똑한 사람이 많다는 intj 특징관련해서 정리해 보았어요​
INTJ 특징
​외향성 내향성 중 I (내향성)직관형 감각형 중 N (직관형)사고형 감정형 중 T (사고형) ​판단형 인식형 중 J (판단형)​intj(인티제)는 '용의주도한 전략가'라는칭호가 붙어 있을 만큼 매사 철두철미하고 영특한 면모를 보이는 부류인데요​

​학창 시절 내신이면 내신 수능이면 수능어느 것 하나 떨어지지 않고​높은 학업성취도를 보이는 친구한 명씩은 꼭 있잖아요?​그런 친구들 mbti 유형을 보면intj 인티제인 경우가 많다고 합니다​

​그런 친구 특! = 나대지 않는다​이는 intj 특징과도 연관된 부분인데요​앞에 나서는 것보다는 뒤에서 묵묵하게자신의 일을 아주 잘 해내는 타입으로​누군가에게 협업을 요청하거나의지하기보다는 본인 스스로​문제를 해결하고 높은 성취를내는 것이 특징입니다​제갈공명이 그러했듯 본인이 왕이 되어앞에 나서기보다는 훌륭한 책사로서​역할을 다하며 높은 성취도 덕분에 굳이드러내지 않아도 주목받는 경우가 많아요​
넓은 시야나무보단 숲을 본다
​intj 중에 헛똑똑이는 없습니다​매우 현실적이고 치밀해 넓은 시야를 가지고있기 때문에 뒤통수를 때리면 때렸지맞는 경우는 없다고 보면 돼요​

​어떤 일을 수행함에 있어서도나무를 보기보단 숲을 볼 줄 아는현명한 시야를 가지고 있습니다​당장 발등에 불이 떨어지더라도당황하지 않고 침착하게 대응하며​2차, 3차 피해가 발생하지 않도록계획적으로 대응하기 때문에​뒤통수를 맞거나 사기를 당하는 일이없는 철옹성 같은 유형이죠​
남다른 지적호기심
​똑똑한 사람 특! = 호기심 만땅​intj 특징 중에는 지적 호기심이높다는 특징이 있습니다​어렸을 때부터 남다른 지적 호기심을 바탕으로월등히 높은 독서량을 보이는 경우가 많으며​이는 합리적 사고 능력 형성과뛰어난 학업 성취도 능력으로 이어져요​공부를 잘하는 DNA를 타고난 경우도 있겠지만그렇지 않더라도 높은 지적 호기심을 바탕으로​어렸을 때부터 배움에 대한 욕구가 충만해높은 학업 성취도를 보이는 경우가 많다고 해요​
intj 남자 특징
​intj 남자 특징을 살펴보고자 할 땐게임에 임하는 자세를 보면 됩니다​인티제 남자는 일단 정석적인 플레이를마스터하고 거기에서 나만의 전략으로한 차원 높은 완성도를 지향해요​게임을 하더라도 철저하게 분석하며최상위권에서 나만의 전략으로성과를 내는 것에 재미를 느낍니다​한 번 시작하면 끝을 보는 타입이기도 하고요솔로 플레이를 선호하는 특징이 있습니다​
intj 여자 특징
​intj 여자 특징은 이 질문으로정리할 수 있는데요
오늘 나 달라진 거 없어?
남친몬들의 최대 난제이기도 하죠​매사 철저하고 계획적이기 때문에오늘 내가 어떤 헤어를 했고, 어떤 악세사리를​착용했으며 메이크업 포인트는 어느 것인지하나하나 신경 쓰기 때문에 자신이 준 변화가​상대방에게 인지되었는지 아닌지 확인하는 차원에서 하는 질문이라고 합니다​intj 여자 같은 경우 자존감이 매우 높기 때문에굳이 어려운 질문으로 본인에 대한 관심도를확인하려 하진 않는다고 해요​
뭐든지 잘하는 인티제?
​intj 여자 남자 특징 공통 사항으로뭐든지 잘 한다는 이미지가 있습니다​표면적으로 드러난 것만 봤을 때는처음부터 잘하는 '재능충'이라고생각할 수도 있는데요​의외로 노력파인 경우가 많다고 합니다​남 보다 뒤떨어지는 것을 극도로싫어하기 때문에 무엇이든 잘 하기 위해각고의 노력을 아끼지 않는다고 해요​안 그래도 똑똑해서 시작점이 다른데거기에 노력까지 뒷받침되니못할 수가 없는 것이죠​

​인티제는 재능 있는 노력가이기 때문에'게으름'에 대한 혐오가 있습니다​분명 노력하면 해낼 수 있는 것들인데게을러 성과를 내지 못했다?​이에 대해선 타협도 없고이해하려 하지도 않습니다​그렇기 때문에 게으른 무능력자와는어떠한 관계도 형성하려 하지 않아요​이는 친구와의 우정이든연인과의 사랑이든 구분하지 않습니다​못하는 것과 안 하는 것에 차이를 두고노력을 게을리하는 사람을 한심하게보는 경향이 있습니다​반면, 노력을 함에도 성과를 내지 못하는사람에겐 격려와 응원을 아끼지 않죠​인티제는 혼자가 된다는 것에 대한 두려움이없기 때문에 본인의 기준에 미달인 사람은과감하게 쳐낼 수 있기도 해요​정을 쉽게 주는 타입도 아니라서유유상종으로 모이는 경우가 많다고 합니다​
intj 연애 특징
​intj 연애 특징은 '공능제와의 싸움'입니다'공능제'는 '공감 능력 제로'의 준말인데요​합리성을 중시하며 빈말을 못하는intj 연애 특성상 상대방에 대한 공감보다는​인과관계를 바탕으로 한 정답을내려는 경향이 있습니다​예를 들어 직장 상사에게 혼이 난여자 친구가 intj 남자 친구에게​위로받고 싶어 회사에서 있었던일들에 대해 이렇게 질문을 합니다
오늘 박 과장이 나 갈궜다?보고서 다시 써오래 ㅠㅠ
이에 대한 답변으로 여자 친구는어떤 이유가 됐든 박 과장을 함께 욕해 주며본인의 편이 되어 주는 답변을 바랐을 거예요​하지만 우리의 인티제 남친몬은
보고서 내용 중에 잘못된 부분이 있었을 거야이유 없이 다시 써오라고 하진 않았을 거니까나쁘게만 생각하지 말고차분하게 다시 해보자! 파이팅!
이라는 말을 하며 위로와 함께사건을 해결하려 합니다​여자 친구가 바라는 건 해결이 아닌그저 공감이었을 뿐인데 말이죠​

​이런 부분은 금전적인 부분에서도 드러나요​아무래도 연애를 한다는 것은 필연적으로비용이 드는 부분이다 보니 이 부분에대해서 생각하지 않을 수 없을 텐데요​인티제는 낭만을 위해 불필요하게 돈을낭비하는 것에 대해 반감을 가지고 있습니다​이벤트를 준비하더라도 불필요한비용을 최소화하는 경향이 있죠​데이트 비용 더치페이에 대해서도가장 열려 있는 유형이기도 하고요​이처럼 현실적인 연애를 지향하기 때문에연애 상대보단 결혼 상대로 좋다고 합니다​

​지금까지 intj 여자 남자 특징연애 스타일까지 살펴보았는데요​케바케, 사바사 열 길 물속은 알아도한 길 사람 속은 모르는 것처럼​사람의 특성을 하나의 부류로 묶어일반화 시키는 것은 분명 비약이 있습니다​그럼에도 대략적으로나마 성격 유형을묶어 공감 되는 것들을 추려보는 것은참 재밌는 일인 것 같아요​
"
